,Prot_id,Pfam,Pfam_evalue,Blast_hit,evalue_ab,evalue_ba,Sequence,Exoproteome
0,XP_022109332.1,UPAR_LY6_2,2.1e-30,,,,MHSPSAFLNDVFLQNAVKKHFVMLVCWPKVIQQWLSAAIFCLVFMSSCCAPTEPTLIFSYDDSTPFPNAVKCFTCIDKKSNRECNERAYDAFCPKGTKYCYSSHYVNQKTGESILVNKKCALTEDCTTNTVGCTDTSTKHVQRCVSCCEGTQCNVLSPHNSTTAVFSTLTPLNTAPLLRIPNVILILGLMTVTRILRLIT,No
1,XP_022109331.1,UPAR_LY6_2,2.2e-30,Lypd6|D.rerio,9.35e-33,8.63e-30,MSMGMYVKRSTRFLNDVFLQNAVKKHFVMLVCWPKVIQQWLSAAIFCLVFMSSCCAPTEPTLIFSYDDSTPFPNAVKCFTCIDKKSNRECNERAYDAFCPKGTKYCYSSHYVNQKTGESILVNKKCALTEDCTTNTVGCTDTSTKHVQRCVSCCEGTQCNVLSPHNSTTAVFSTLTPLNTAPLLRIPNVILILGLMTVTRILRLIT,No
2,XP_022099040.1,BAMBI,2.4e-15,BAMBI|H.sapiens,5.460000000000001e-37,5.51e-34,MDREVNGPRAVYTVCLYTCLLLCTCTIRLVCGEVHCYCNSPRCSSSNYMCKSQIGCYSFLVDHKGNTNDPYLHGCIESITLEKCEEISRLNNGTTDVPSETSSQYQELSCCFESMCNFKDEAEVKNSADTLDNQYMNEPYEAVSEQAIWFRAAVIAVPIAGACILIGLIMVAARMLRSEDKQFTKLSVNVRQRAALRTHSARNSTIHRTPQFLENSRVKNINITGNKLVDPFVGRPNKINNMNNMSKVTNELLHQQRCVNECPRLISTQHYEKMYRENFDVV,No
3,XP_022099041.1,BAMBI,3e-15,,,,MFIITSLWTILADGKGEVHCYCNSPRCSSSNYMCKSQIGCYSFLVDHKGNTNDPYLHGCIESITLEKCEEISRLNNGTTDVPSETSSQYQELSCCFESMCNFKDEAEVKNSADTLDNQYMNEPYEAVSEQAIWFRAAVIAVPIAGACILIGLIMVAARMLRSEDKQFTKLSVNVRQRAALRTHSARNSTIHRTPQFLENSRVKNINITGNKLVDPFVGRPNKINNMNNMSKVTNELLHQQRCVNECPRLISTQHYEKMYRENFDVV,No
4,XP_022099063.1,BAMBI,2.1e-10,,,,MAMVQMCVLGLYAVLVFMMQMKTYVTYGQLICACTTAACNDTGSVTCHAVTSCYTQYLDQRDGSSPITRGCIDEKTPLLCENRRPFVPVTPWPHLRCCKESMCNADTVILTPPAWPRRLVQSTTAQVFPTGDIRPHHNSKQPAQNSDPKAENVKQPILIIALPVVVLCLFVILLIVVVIIVKQSRTRHRTSEFGANTNTTGLPTRRGRGVLYNTGDPYVREKFLSSVPV,No
5,XP_022089444.1,Activin_recp,3.8e-10,BMPR1B|H.sapiens,0.0,0.0,MATWIGLYRTNNYWNFTVLSTFLSLLFAVVTVLAEEGMKCYCSEHCPEDAPNNTCVLRPGGWCFSQIQTGEDGIIHEGAITSHGCLPPIDDGGQFLCKAKKHTIPRIMLCCNDRPMCNVDLSPTLQPTTTTHVPVETLDQYEYDTAHQIVLLISVTVCAVLFILTSTFLYVRLKKREARRRYDVEVSRTRQNEPYLTNGDTLSELLNRASESGSGSGLPLLVQRTIAKQVQLIRCVGQGRFGEVWKAKWRGEHVAVKIYLTEEESSWFRETEIYQTVLMRHENILGFIAADIRGSGSWTQLFLITEYHEHGALFNYLRYNILDTKAMLRLAHSAANGLAHLHSEICGMQGKPAIAHRDIHSRNILVKANGACAIGDMSRAARFLSESNEVDLPTKCRAGNKRYMAPEALDSTLNTNAFESYKNADVYSFGLVLWEIARRCVTRGIVEDAQVPYFDFVPSSNPTYEEMQKVVIQERRRPDIPNRWSGDDSLLSIARVMTQCWHPNPAARLTMLRVKKTLAKMQEEDFKV,Yes
6,XP_022086696.1,QVR,4.1e-09,Lynx2|N.lugens,3.87e-10,5.379999999999999e-05,MKVFVVAILMTCIGGIMGLQCYTCASTTSEACADPFNAEGSGVLTLNCTSGQDVCQKSSSMASGLSVVSRSCASQSLCQDASGCQTTSAGGASVTNCCCGDNLCNGAGSLAASAFATVAVIVAAAVFSL,Yes
7,XP_022086627.1,QVR,1.2e-08,,,,MKLFEAIVFLSFVGGVMGISCYVCSTGQAGCDDPFKPSDALKRNCTSDYNACYKVKGEVLGITVVERQCEKKSQCLKENGCFTVEGQGNSATGCCCTGDYCNGTGSLGVMSVMVSVILGLLATVIAP,Yes
8,XP_022086629.1,QVR,1.2e-08,,,,MKLFEAIVFLSFVGGVMGISCYVCSTGQAGCDDPFKPSDALKRNCTSDYNACYKVKGEVLGITVVERQCEKKSQCLKENGCFTVEGQGNSATGCCCTGDYCNGTGSLGVMSVMVSVILGLLATVIAP,Yes
9,XP_022086628.1,QVR,1.2e-08,,,,MKLFEAIVFLSFVGGVMGISCYVCSTGQAGCDDPFKPSDALKRNCTSDYNACYKVKGEVLGITVVERQCEKKSQCLKENGCFTVEGQGNSATGCCCTGDYCNGTGSLGVMSVMVSVILGLLATVIAP,Yes
10,XP_022086623.1,QVR,1.7e-07,,,,MKLLAVVICLSWIGSIWGRACYECDQTDAACSDPFKEDNSLKNNCSNTATYCIKTAGEFQGIKAVTRACDDAGTCAQQGSGCLTVDFGGITATQCCCNTDYCNGAGPVRLMSALATASMGFAAMLIAM,Yes
11,XP_022103322.1,Activin_recp,2.7e-07,,,,MAEESAKPIFSNETRFECECDDVSCNGENSRCTDAIQCYASLRFDDNGFEYMRKGCFITIQHSHMYCKSEYGEGLVMICCKGDMCNQNILPTFPVPPTTPLPEPRESLPYNVAYLVMAVLGPFLALVIGISFAIFMYRWMHKKRLRELNSSDEGYAHHAPHDLRAVPAGDSTLKDLFDHSNTSGSGSGLPYLVQRTVARQITLVEQVGKGRFGEVWRGNWQGENVAVKIFNSIDEKSWFRETEIYNTVMLRHDNILGFIASDMTSRNSCTQLWLITHYHEFGSLYDYLNRNILDPKMAIRLALSAASGLVHLHTEICCNNSKLAIAHRDIKSKNILVKENHTCCIADLGLAVLHTRKTDQINLGVNTRVGTKRYMAPELLEETMNVAEFESFKRVDVYAFGLVLWEIARRCQVGGMVEDYRPPFFEYVPSDPGFEDMKKVVCTDMLRPTIPNRWSNDQTLVALSKLMKECWYHTASARHSSLRVKKTLMKVAESCNSNMRSKLDYNWEKAII,Yes
12,XP_022103314.1,Activin_recp,2.7e-07,,,,MAEESAKPIFSNETRFECECDDVSCNGENSRCTDAIQCYASLRFDDNGFEYMRKGCFITIQHSHMYCKSEYGEGLVMICCKGDMCNQNILPTFPVPPTTPLPEPRESLPYNVAYLVMAVLGPFLALVIGISFAIFMYRWMHKKRLRELNSSDEGYAHHAPHDLRAVPAGDSTLKDLFDHSNTSGSGSGLPYLVQRTVARQITLVEQVGKGRFGEVWRGNWQGENVAVKIFNSIDEKSWFRETEIYNTVMLRHDNILGFIASDMTSRNSCTQLWLITHYHEFGSLYDYLNRNILDPKMAIRLALSAASGLVHLHTEICCNNSKLAIAHRDIKSKNILVKENHTCCIADLGLAVLHTRKTDQINLGVNTRVGTKRYMAPELLEETMNVAEFESFKRVDVYAFGLVLWEIARRCQVGGMVEDYRPPFFEYVPSDPGFEDMKKVVCTDMLRPTIPNRWSNDQTLVALSKLMKECWYHTASARHSSLRVKKTLMKVAESCNSNMRSKLDYNWEKAII,Yes
13,XP_022103328.1,Activin_recp,2.7e-07,,,,MAEESAKPIFSNETRFECECDDVSCNGENSRCTDAIQCYASLRFDDNGFEYMRKGCFITIQHSHMYCKSEYGEGLVMICCKGDMCNQNILPTFPVPPTTPLPEPRESLPYNVAYLVMAVLGPFLALVIGISFAIFMYRWMHKKRLRELNSSDEGYAHHAPHDLRAVPAGDSTLKDLFDHSNTSGSGSGLPYLVQRTVARQITLVEQVGKGRFGEVWRGNWQGENVAVKIFNSIDEKSWFRETEIYNTVMLRHDNILGFIASDMTSRNSCTQLWLITHYHEFGSLYDYLNRNILDPKMAIRLALSAASGLVHLHTEICCNNSKLAIAHRDIKSKNILVKENHTCCIADLGLAVLHTRKTDQINLGVNTRVGTKRYMAPELLEETMNVAEFESFKRVDVYAFGLVLWEIARRCQVGGMVEDYRPPFFEYVPSDPGFEDMKKVVCTDMLRPTIPNRWSNDQTLVALSKLMKECWYHTASARHSSLRVKKTLMKVAESCNSNMRSKLDYNWEKAII,Yes
14,XP_022103306.1,Activin_recp,2.8e-07,,,,MAPFNPFVHTLKAKGDNTETTMAEESAKPIFSNETRFECECDDVSCNGENSRCTDAIQCYASLRFDDNGFEYMRKGCFITIQHSHMYCKSEYGEGLVMICCKGDMCNQNILPTFPVPPTTPLPEPRESLPYNVAYLVMAVLGPFLALVIGISFAIFMYRWMHKKRLRELNSSDEGYAHHAPHDLRAVPAGDSTLKDLFDHSNTSGSGSGLPYLVQRTVARQITLVEQVGKGRFGEVWRGNWQGENVAVKIFNSIDEKSWFRETEIYNTVMLRHDNILGFIASDMTSRNSCTQLWLITHYHEFGSLYDYLNRNILDPKMAIRLALSAASGLVHLHTEICCNNSKLAIAHRDIKSKNILVKENHTCCIADLGLAVLHTRKTDQINLGVNTRVGTKRYMAPELLEETMNVAEFESFKRVDVYAFGLVLWEIARRCQVGGMVEDYRPPFFEYVPSDPGFEDMKKVVCTDMLRPTIPNRWSNDQTLVALSKLMKECWYHTASARHSSLRVKKTLMKVAESCNSNMRSKLDYNWEKAII,Yes
15,XP_022097444.1,QVR,2.8e-07,,,,MKGIFCNPALLLGLVCLQIHVVSSLKCYQCVNLVTSNSFIGEWPTNEACASETFDPTQVVLQDCGTSFGKTAMCEKWEGKFTIDYFLLQADVSGTVRGCAFLPIGELVDGCVSSTDTNGLSLFSDLLGFLLELFSSISDVEATYCSCERDYCNAAPALSQTAPLVLMIAFLFGQAFVQ,Yes
16,XP_022103289.1,Activin_recp,2.9e-07,ACVR1|H.sapiens,0.0,0.0,MATLRLRCLLVILALEITIYGDNTETTMAEESAKPIFSNETRFECECDDVSCNGENSRCTDAIQCYASLRFDDNGFEYMRKGCFITIQHSHMYCKSEYGEGLVMICCKGDMCNQNILPTFPVPPTTPLPEPRESLPYNVAYLVMAVLGPFLALVIGISFAIFMYRWMHKKRLRELNSSDEGYAHHAPHDLRAVPAGDSTLKDLFDHSNTSGSGSGLPYLVQRTVARQITLVEQVGKGRFGEVWRGNWQGENVAVKIFNSIDEKSWFRETEIYNTVMLRHDNILGFIASDMTSRNSCTQLWLITHYHEFGSLYDYLNRNILDPKMAIRLALSAASGLVHLHTEICCNNSKLAIAHRDIKSKNILVKENHTCCIADLGLAVLHTRKTDQINLGVNTRVGTKRYMAPELLEETMNVAEFESFKRVDVYAFGLVLWEIARRCQVGGMVEDYRPPFFEYVPSDPGFEDMKKVVCTDMLRPTIPNRWSNDQTLVALSKLMKECWYHTASARHSSLRVKKTLMKVAESCNSNMRSKLDYNWEKAII,Yes
17,XP_022103298.1,Activin_recp,2.9e-07,,,,MATLRLRCLLVILALEITIYGDNTETTMAEESAKPIFSNETRFECECDDVSCNGENSRCTDAIQCYASLRFDDNGFEYMRKGCFITIQHSHMYCKSEYGEGLVMICCKGDMCNQNILPTFPVPPTTPLQPRESLPYNVAYLVMAVLGPFLALVIGISFAIFMYRWMHKKRLRELNSSDEGYAHHAPHDLRAVPAGDSTLKDLFDHSNTSGSGSGLPYLVQRTVARQITLVEQVGKGRFGEVWRGNWQGENVAVKIFNSIDEKSWFRETEIYNTVMLRHDNILGFIASDMTSRNSCTQLWLITHYHEFGSLYDYLNRNILDPKMAIRLALSAASGLVHLHTEICCNNSKLAIAHRDIKSKNILVKENHTCCIADLGLAVLHTRKTDQINLGVNTRVGTKRYMAPELLEETMNVAEFESFKRVDVYAFGLVLWEIARRCQVGGMVEDYRPPFFEYVPSDPGFEDMKKVVCTDMLRPTIPNRWSNDQTLVALSKLMKECWYHTASARHSSLRVKKTLMKVAESCNSNMRSKLDYNWEKAII,Yes
18,XP_022081609.1,QVR,3.5e-07,,,,MGISVIMIVTIVVVICDQGSALKCYDCVDIYRSDLGTESDCGANVENVTLVECQPLENDTVDQNPVCVKMVDTITITDTSESSAMQIQVNHIIRGCSWSLEFTFGSDCFLTEETSEPLEFSDVRSNYTAIIGVHTFCMCGTDGCNAARSTQACLWLPPLVVSSAVVLRITQFA,Yes
19,XP_022086582.1,QVR,8.1e-07,,,,MKLLEVAILLTSIGGIMGLQCYTCTNGAGVGTDTSACDDPFNTSTTDPNVLKTTCTTGFDTCAKATLSSGGSNLVARTCYSSLTCPAQNGCASGDYGGQSATVCCCSGSLCNGVGSLAANVIATVAIIFMAMFLAR,Yes
20,XP_022086581.1,QVR,8.1e-07,,,,MKLLEVAILLTSIGGIMGLQCYTCTNGAGVGTDTSACDDPFNTSTTDPNVLKTTCTTGFDTCAKATLSSGGSNLVARTCYSSLTCPAQNGCASGDYGGQSATVCCCSGSLCNGVGSLAANVIATVAIIFMAMFLAR,Yes
21,XP_022086580.1,QVR,1e-06,,,,MKLLEVAILLTSIGGIMGLQCYTCTNGAGAGTDTSACDDPFDTSTTDPYVLKTTCTTGFDTCAKATLSSGGSNLVARTCYSSLVCPAQNGCASGDYGGQSATVCCCSGSLCNGVGSLAANVIATVAIIFMAMLLAR,Yes
22,XP_022096461.1,QVR,1.5e-06,,,,MLCWMIITLLWTSFGGSRALKCYTCSSDAVSNCGDPFYTETIDMPTCHNDLDQGICTKTKTSEGVVSRGCGLKSYCKDSVTGGENTCKETLGTTRCCCYGDGCNSAPSRGVDYPFLAVVTLLGMVPYVFP,No
23,XP_022097466.1,QVR,1.7e-06,,,,MNVSSLKCYQCTNFVASNDNLGSLQSNEACAGATFDPNGVVLQDCGTVFGQTPMCEKWEGKFTVNVPFLGNTAVTGQVRGCAFVPVGELVDGCASSTQLTGLAKDAVRLIVSFFTTGEVEGTYCSCERDYCNTAPALSQTAPLLVMIGLLFSQVFVL,Yes
24,XP_022099042.1,BAMBI,2.4e-06,,,,MCKSQIGCYSFLVDHKGNTNDPYLHGCIESITLEKCEEISRLNNGTTDVPSETSSQYQELSCCFESMCNFKDEAEVKNSADTLDNQYMNEPYEAVSEQAIWFRAAVIAVPIAGACILIGLIMVAARMLRSEDKQFTKLSVNVRQRAALRTHSARNSTIHRTPQFLENSRVKNINITGNKLVDPFVGRPNKINNMNNMSKVTNELLHQQRCVNECPRLISTQHYEKMYRENFDVV,No
25,XP_022097465.1,QVR,2.4e-06,,,,MNVQAASCSTALLLGLAYVQIHAVSSLKCYQCTNFVASNDNLGSLQSNEACAGATFDPNGVVLQDCGTVFGQTPMCEKWEGKFTVNVPFLGNTAVTGQVRGCAFVPVGELVDGCASSTQLTGLAKDAVRLIVSFFTTGEVEGTYCSCERDYCNTAPALSQTAPLLVMIGLLFSQVFVL,Yes
26,XP_022086583.1,QVR,3.1e-06,,,,MKLFEVVLFLSFVGNIMGRECYVCGPGSSCSDPFTGSDSLKQTCSSEKYCFKEKIEFQGTSSVTRSCSDCARDGCVSVEAAGGSGVGCCCSTDYCNGAGSLGVMSTLATAVVGLVAMVIARY,Yes
27,XP_022088503.1,Activin_recp,4.9e-06,BMPR2|H.sapiens,2.7299999999999993e-162,4.899999999999999e-160,MAIFGPVLFSTLTFGLLLSQASGYICVYRNEKLSPVEGIEVDEVSGIVLPDNKSILCNGRLDSCFSLWYTRPSNGEIVVTKQGCWRFESTEHDCKEDECNSSMPPIDSIQRAHNVSSQFCCCKGDFCNANVSSSYVPVPHTKPMPIRPDGIVTSPPQNSESWTTIIVVMVCIFCLCVAVPVVFLACRIYRARTLKARMDHLGMLEAAPPEPSVDLDQVKVLNLIGQGRYCNCYRGMLEEHEVAVKIFAGASRQCYLNEVEIYSLAHIEHPNILKFVGSCERMGQDNWPEYLLVVEYMTHGSLMNYLKENTYDWLAMCRLSQTAAAGLAHLHQSLDKGGSSRPAIVHRDINSRNILVKSDLTCVIGDFGFAMKVFGSSVVRDGDEDNSTITDVGTVRYMSPEVLDGAVNLRDCESALKQVDIYALGLVLWEIGTRCSDLYPGGNVPPYKLPFADELCQHPTFEDMQVHVSRGRKRPAFPDAWKENNQALRSLKETIEDCWDHDSEARLTALCVEERIIELMVLWNKHRTVSPTINATSEGTTVATLTQTRVQPDYSPGMTTTTVDSAAAASHHGQSQPQHTLPQCDPATTLEGSEGFFGSRCAPTGSVVEKNERQRLLSPDTISTSLSAQSDLNLIDLSSIAPSVDPKNLHYSDENIERYTSDLKYSRPYSTPTESSEGYGYSEPNTSPSKPLVMHEMRPSLAGDQMTDNLGVWSRRHNLHRPTSLPVWGQMTVNEARARSHPGHSLTELGGEQRPAKPNVNKQWQQALVEQAPVMSPKQNLSPREGDALISDNLSSSNGSCSSLHSTLSEGSANSCESDHSRRPNTLPLPSNSHGSKKKLVAVYIPDSGPTTKVQTGIAKMDSVNTQCHPVKVATNATHCKSKPGESRATSRARVQPSDANPSNTRPLSWSVGDKSNEESDSGSLLNGNSKSKDCELSTDSKKSKRKVTPYRIPGTKKLSVYNGQNRGSVSSEEASSPESGHTSDSSESSANNNSGDQCNGIRLLTQNGHALQPGGKPVTNGVTSRHLVPAADSTFQLGGDSTQYVGSGKTGVENGPRANYQVSCV,Yes
28,XP_022088502.1,Activin_recp,4.9e-06,,,,MAIFGPVLFSTLTFGLLLSQASGYICVYRNEKLSPVEGIEVDEVSGIVLPDNKSILCNGRLDSCFSLWYTRPSNGEIVVTKQGCWRFESTEHDCKEDECNSSMPPIDSIQRAHNVSSQFCCCKGDFCNANVSSSYVPVPHTKPMPIRPDGIVTSPPQNSESWTTIIVVMVCIFCLCVAVPVVFLACRIYRARTLKARMDHLGMLEAAPPEPSVDLDQVKVLNLIGQGRYCNCYRGMLEEHEVAVKIFAGASRQCYLNEVEIYSLAHIEHPNILKFVGSCERMGQDNWPEYLLVVEYMTHGSLMNYLKENTYDWLAMCRLSQTAAAGLAHLHQSLDKGGSSRPAIVHRDINSRNILVKSDLTCVIGDFGFAMKVFGSSVVRDGDEDNSTITDVGTVRYMSPEVLDGAVNLRDCESALKQVDIYALGLVLWEIGTRCSDLYPGGNVPPYKLPFADELCQHPTFEDMQVHVSRGRKRPAFPDAWKENNQALRSLKETIEDCWDHDSEARLTALCVEERIIELMVLWNKHRTVSPTINATSEGTTVATLTQTRVQPDYSPGMTTTTVDSAAAASHHGQSQPQHTLPQCDPATTLEGSEGFFGSRCAPTGSVVEKNERQRLLSPDTISTSLSAQSDLNLIDLSSIAPSVDPKNLHYSDENIERYTSDLKYSRPYSTPTESSEGYGYSEPNTSPSKPLVMHEMRPSLAGDQMTDNLGVWSRRHNLHRPTSLPVWGQMTVNEARARSHPGHSLTELGGEQRPAKPNVNKQWQQALVEQAPVMSPKQNLSPREGDALISDNLSSSNGSCSSLHSTLSEGSANSCESDHSRRPNTLPLPSNSHGSKKKLVAVYIPDSGPTTKVQTGIAKMDSVNTQCHPVKVATNATHCKSKPGESRATSRARVQPSDANPSNTRPLSWSVGDKSNEESDSGSLLNGNSKSKDCELSTDSKKSKRKVTPYRIPGTKKLSVYNGQNRGSVSSEEASSPESGHTSDSSESSANNNSGDQCNGIRLLTQNGHALQPGGKPVTNGVTSRHLVPAADSTFQLGGDSTQYVGSGKTGVENGPRANYQVSCV,Yes
29,XP_022096414.1,QVR,9e-06,Ly6c1|M.musculus,7.28e-06,0.008,MKKIIGIVVFLTCIGLSHAVTCYVCSGTGQCADPFDPSAPGIIAYECSYGYICAKISVVGPGQLDQGVTRGCASRGTCEKGGIVDDCIKEYYGNQRAVGCCCTTSLCNAAIANEVNLVTIVAMLVVTGWFV,Yes
30,XP_022096454.1,QVR,1.4e-05,,,,MKWALVFACVLVCLVGRNAALKCYQCNLGNSACKDPFDKDANNNLLQECQFALGLSGACWKIKTNDVVTRSCTAKATCDAIGGLNACGDNASGANACCCTTDGCNGATTTSISYLAVTALLVLTKALH,No
31,XP_022096453.1,QVR,1.4e-05,,,,MKWALVFACVLVCLVGRNAALKCYQCNLGNSACKDPFDKDANNNLLQECQFALGLSGACWKIKTNDVVTRSCTAKATCDAIGGLNACGDNASGANACCCTTDGCNGATTTSISYLAVTALLVLTKALH,No
32,XP_022093162.1,QVR,1.6e-05,,,,MGARFIVLIFVAMATQSAWALKCYQCSTFIYPRLPLPNDGRANCANSPPPSAYRDPGTCGGSLLGPSNTCVTISGTVRGTTAGGSSLSFNDGTFRGCTTLIGTNPQCFQGEKAEHFAKMLLELSSFSSFKGSVCFCKGDYCNGVSAVRPLAAVIVLVIAAKQFFV,No
33,XP_022100632.1,Toxin_TOLIP,1.9e-05,,,,MKLLLIAGILLASVGSLSAAECYLCSYVPSAMGEECKDPFNSSNNSTETCEGTYCLKVVSKISGEVTSISRSCAEACSAACISLLGIEGCTYCCQGNLCNGAGTINYNLMMIIAMVTAVLKLYA,Yes
34,XP_022109945.1,Activin_recp,2.1e-05,ACVR2B|H.sapiens,0.0,4.0399999999999986e-178,MPCSVHATQAVALGSDDSNQAVLLRSVTGASVNFPLSRVSCFEYDSQKCSGNDSRCSTVQDCDIEFGYADLDLELMETNKCFILWQNTSAGLEVIMKGCWQSSFSNDCVEEDRCVSHETYADGENRYFCCCSGDLCNHQFYHDPQPKPTSSEHPFQNPGHTPEKKRNRSNIILTTVLYTLVPITAFTIIIISVYWICRRYRYSLLTSVPNSEPSPLSPPSPVLGHRPIQLLEIKARGRFGAVWRAQMGHQQVAVKIFPLQDRQSWVTEQEIYSVPQLRHENLLSFIGTERRGEGMDQELWLITEYHPRGSLCDYLKGNLLSWSDLCKISLSMAYGLAYLHEDLPATTLCSAKPAVAHRDFKSKNVLLKNDLSACIADFGLACKFEAGKSPGDTHGQVGTRRYMAPEVLEGAIQFQRDAFLRIDMYACGLVLWEIASRCTAQEGPVDEYMLPFEEEVGQAPTLEDMQDVVVVKRLRPVIRESWLKHSGMRLLFETIEECWDHDSEARLSAGCVEERLSQLLRYNVCTAPLISLTPSPPKESSL,Yes
35,XP_022109944.1,Activin_recp,2.2e-05,,,,MAPLITRSCDFVFKVCLLLWLSYSAVLLRSVTGASVNFPLSRVSCFEYDSQKCSGNDSRCSTVQDCDIEFGYADLDLELMETNKCFILWQNTSAGLEVIMKGCWQSSFSNDCVEEDRCVSHETYADGENRYFCCCSGDLCNHQFYHDPQPKPTSSEHPFQNPGHTPEKKRNRSNIILTTVLYTLVPITAFTIIIISVYWICRRYRYSLLTSVPNSEPSPLSPPSPVLGHRPIQLLEIKARGRFGAVWRAQMGHQQVAVKIFPLQDRQSWVTEQEIYSVPQLRHENLLSFIGTERRGEGMDQELWLITEYHPRGSLCDYLKGNLLSWSDLCKISLSMAYGLAYLHEDLPATTLCSAKPAVAHRDFKSKNVLLKNDLSACIADFGLACKFEAGKSPGDTHGQVGTRRYMAPEVLEGAIQFQRDAFLRIDMYACGLVLWEIASRCTAQEGPVDEYMLPFEEEVGQAPTLEDMQDVVVVKRLRPVIRESWLKHSGMRLLFETIEECWDHDSEARLSAGCVEERLSQLLRYNVCTAPLISLTPSPPKESSL,Yes
36,XP_022109943.1,Activin_recp,2.2e-05,,,,MAPLITRSCDFVFKVCLLLWLSYSAVLLRSVTGASVNFPLSRVSCFEYDSQKCSGNDSRCSTVQDCDIEFGYADLDLELMETNKCFILWQNTSAGLEVIMKGCWQSSFSNDCVEEDRCVSHETYADGENRYFCCCSGDLCNHQFYHDPQPKPTSSEHPFQNPGHTPEKKRNRSNIILTTVLYTLVPITAFTIIIISVYWICRRYRYSLLTSVPNSEPSPLSPPSPVLGHRPIQLLEIKARGRFGAVWRAQMGHQQVAVKIFPLQDRQSWVTEQEIYSVPQLRHENLLSFIGTERRGEGMDQELWLITEYHPRGSLCDYLKGNLLSWSDLCKISLSMAYGLAYLHEDLPATTLCSAKPAVAHRDFKSKNVLLKNDLSACIADFGLACKFEAGKSPGDTHGQVGTRRYMAPEVLEGAIQFQRDAFLRIDMYACGLVLWEIASRCTAQEGPVDEYMLPFEEEVGQAPTLEDMQDVVVVKRLRPVIRESWLKHSGMRLLFETIEECWDHDSEARLSAGCVEERLSQLLRYNVCTAPLISLTPSPPKESSL,Yes
37,XP_022093085.1,QVR,4.7e-05,,,,MGARLFVLFFVFMAAQRAGAIKCYLCASFQIAGVSYPNDGNADCANFPPSTYKANVTCDTLIGPSTLCATIAGTLKGPVPIDDGTLRACAPGTLTEPQCFMGEDATKVIKQHFALPQGSTFDGSVCLCKGDYCNGVSAVRPLAAVIALVLATKQFLV,Yes
38,XP_022086630.1,QVR,0.00016,,,,MKMHPINLIFSLVGNVVGLECFDCVDGVSPALDTVACADLFNRTTTDSRVNRRPCPAGFDACAKAKASEGSLTLTARKCYMRSHCPVNEECASADFQGTQATICCCRENLCNEAGFPAANVIMSVTVFMAVAFTL,Yes
39,XP_022086291.1,QVR,0.00021,,,,MNHLAIASFFYFVAVFTLSGVEAQSTGSLMCYNCTYTSVLGFDVGEKGCSDPFNSAGISDISCDGSCVKQKLEGNIPSTTRSCYTASEGDCIQLNGVEISPGNHLYQYCCTGNLCNSAASLTFNFVAVASLCGALAAKH,Yes
40,XP_022086290.1,QVR,0.00021,,,,MNHLAIASFFYFVAVFTLSGVEAQSTGSLMCYNCTYTSVLGFDVGEKGCSDPFNSAGISDISCDGSCVKQKLEGNIPSTTRSCYTASEGDCIQLNGVEISPGNHLYQYCCTGNLCNSAASLTFNFVAVASLCGALAAKH,Yes
41,XP_022090393.1,UPAR_LY6_2,0.00025,,,,MELLCLKTVLCVVFSVSIFIALTPVVLASTNAPTSAPGGGDEEEVIIGVGNIDVRCYTCDNVQDNDECNGVHLGENGTLTKCTYERSNCFSLIKMNAAGDGYTAQKGCMEFDECYDRFYELVSDPIKGADCMRFGILGHDPLPADIECFYCCFSAEGQSQDSCNQAMGVSFLALPEPNNWDPAVDKWEGHEPGVSTAPPEVTSGGDPVARPLAAVVGLHLLLFSALLA,Yes
42,XP_022109707.1,Activin_recp,0.00055,TGFBR1|H.sapiens,0.0,0.0,MASSGTLNLKLLVHLILCLCLALAIDSSTDIVGRKCACNDKPCLETNNTCVLQNPDALCIAMKMRNEQQQEVSLLMCEEDPKGPPERRFPCQNPEPSPYYMSKCCVEQDYCNRELIKDMQLLPLPTSQPTELCNLKPDYGDCTMEAFVWYYNISLNDCRQFVYSGCGGNDNKFYSKGSCLRRCEYFNSKPDSSPISMVNLSLAIAIPVTIICLAAFFLMAVRWYLLQKSARQSITRLEVPLISGQGSQVIPMGWTLNDLHNTATSSSGSGLPLLVQRTIARQITLVDCIGKGRYGEVYKGRWRGEYVAVKIFSSREERSWFREAEIYQTVMLRHENILGFIAADNKDSGMVTQLLLITDYMENGSLFDYLNMTTLDTAGMIRLAYSTANGLAHLHVEIVGMQGKPAIAHRDLKSKNILVKRNGQCAIADLGLAVRHDSERDTVDIAPNNRIGTKRYLPPEVLDDTINVNHFEAFKRADVYSLGLVFWEIARRCSIGGIYEEYRLPYYDMVPCDPSIEDMRKVVVNDRQRPTVPNRWNNVEPLRVLAKVMKECWYHSAAARLTALRIKKTLDNLRVAEDVKL,Yes
43,XP_022105689.1,QVR,0.001,,,,MKNFVFNVIVLSVLFTYGVDGQCYDCVLTSFGDVKIGEEGCGNPFDSSGIQTTPCGGPCVTIYSETEEDEDMPATTTVMRSCHRDVEGVPCIDLTDFEFSGMTLSQTCCSGALCNDNEVGGGASANNVAV,Yes
44,XP_022094712.1,UPAR_LY6_2,0.0012,Tfp2|X.laevis,2.1100000000000004e-09,3.26e-05,MWCSMLDLFIASLLICIHTVYSLQCYTCAAEDTNENCKINEAPVLRTCPSTEDRCLTQVIYSTERGKLRIDKYCASQDGCDAATEQLGKRYFCDKSRAGWGCVECCDTDKCNLSSVSRVRASVAAVCAVAIAARFVS,No
45,XP_022104327.1,QVR,0.0014,,,,MKHLVILLTLFACIGTIQALKCYACNYTNAVPTYNSFCDVNFNKNGFGAAASIVECDGVCVKASGGIGGLVGVERKCDTSENPDCPNACGSVEGTTIGGCRHCCKEDLCNGATLVTFNLLTPVAMLVSAWLGY,Yes
46,XP_022111659.1,QVR,0.002,,,,MKHLVILLTLLACIGTIQALKCYACNYTNAVPTYNSFCDVNFNKNGFGAVASIVECDGVCVKASGGLGGLVGVERKCDTSENPYCPNACGSVQGTTIGGCRHCCKEDLCNGATLVTFNLLTPVAMLVSAWLGY,Yes
47,XP_022111660.1,QVR,0.002,,,,MKHLVILLTLLACIGTIQALKCYACNYTNAVPTYNSFCDVNFNKNGFGAVASIVECDGVCVKASGGLGGLVGVERKCDTSENPYCPNACGSVQGTTIGGCRHCCKEDLCNGATLVTFNLLTPVAMLVSAWLGY,Yes
48,XP_022111661.1,QVR,0.002,,,,MKHLVILLTLLACIGTIQALKCYACNYTNAVPTYNSFCDVNFNKNGFGAVASIVECDGVCVKASGGLGGLVGVERKCDTSENPYCPNACGSVQGTTIGGCRHCCKEDLCNGATLVTFNLLTPVAMLVSAWLGY,Yes
49,XP_022085035.1,Toxin_TOLIP,0.0022,,,,MGRGGRMDEWAGTVVIVVGCIFFGLAAAAEFSCYDCAALLSPESSCETGPDFNSTTKCKTYCYTDVTTQAGVRSYMKRGCTTELECTEETTCRELSRTGPCRSCCQSNLCNDDEPDLDAINRAGKVGVVWSYGGRSLGVVIGVAVAFVDKMY,Yes
50,XP_022101413.1,QVR,0.0023,,,,MDCKLLSVFLIAVSASGALAIRCYVCAPTKVCQNNELGSLVTCPNFTGLVINQCAKFDGEFSGSVGDNKVSFNGLIRDCNAVPVNFAAPPNRCFSGDEATKYMRRLIEQVSSGAPSVGELTITINGDMCFCNEDGCNGVGSLQPFLAPILVLAFVQSALNM,Yes
51,XP_022111658.1,QVR,0.0024,,,,MCRVYVIAHRVHAVLILGGFYNKGTIQALKCYACNYTNAVPTYNSFCDVNFNKNGFGAVASIVECDGVCVKASGGLGGLVGVERKCDTSENPYCPNACGSVQGTTIGGCRHCCKEDLCNGATLVTFNLLTPVAMLVSAWLGY,Yes
52,XP_022111669.1,QVR,0.0025,,,,MRRSSRKRVKIFYHGSANVTPQSRNMNPLVTFTNFTILLSCFAGLNALTCHSCYSVPNSDCADPSTGSYSGNYSTTCGSDDNACSKTVGKLDGSVTITTRSCSSSCDEKCVSLAENAENCEYCCTTDNCNGASALTFSLATVAATILGALAAHDV,Yes
53,XP_022098453.1,QVR,0.0032,,,,MDLRYTWPLFYGVVLATCILEVGSLQCYECVDMEDLPESTVDCDNPGKELLLECLEGTTQCLTFEGVMTRPNGESQRGVARLCGPPPQAFLNDTARVPDNKCYCDEDAAFWLEELVPVIAPDDLTVEGGICFCGEKGCNYHNSTEDACRRDDEVDDDGNNTGHERALLWLVVMCVSLAGYLD,Yes
54,XP_022096470.1,QVR,0.0047,,,,MKWTLLFVSFLVCLGASQARKCYVCATGTCNDPFSKADATETDCGSQFDTCVKQKVGDIVTGRTCGASDTCTDLVSGGPNSCRTISVPLVGDTTTCCCNTDLCNSATTRQVSYVLLSAMLLVIKAAF,Yes
55,XP_022108525.1,DUF5746,0.0054,,,,MELVARLFAVMCSMHCTGIVMAQFSDLSGDLTDLGDILEGLNLGDLDIFGTAGEGPNEVKREKADPLTCYECSEFSEPIKNSRELAWSCAIPSKTTLNGSVCMAPPSGYVNRCGWIEATVSSPNPDNQEETLELYWIFRSCVLVPESLGIGDDCFSGDLEDTQNNLGLSIEKIVGVSGTISGEGCFCSKDYCNGVSTVRFQTVGAILGVATIVQSVIY,Yes
56,XP_022101270.1,QVR,0.0091,,,,MTFLLLCTCTSILLLSGNVVAALQCHTCADVDRHTGKASLTCDDFYLKNHTRELLQGCGEPPSGHTVRCTKFGGQAKKVEPTGATIIMDGVARGCVVLKEDSLPRSRCYHGEEASPWLPSLVPGSEGASVNGLICFCEDAGCNGVVSVQPFAPHLLFMLMALYALL,Yes
57,XP_022101271.1,QVR,0.0091,,,,MTFLLLCTCTSILLLSGNVVAALQCHTCADVDRHTGKASLTCDDFYLKNHTRELLQGCGEPPSGHTVRCTKFGGQAKKVEPTGATIIMDGVARGCVVLKEDSLPRSRCYHGEEASPWLPSLVPGSEGASVNGLICFCEDAGCNGVVSVQPFAPHLLFMLMALYALL,Yes
58,XP_022101272.1,QVR,0.0091,,,,MTFLLLCTCTSILLLSGNVVAALQCHTCADVDRHTGKASLTCDDFYLKNHTRELLQGCGEPPSGHTVRCTKFGGQAKKVEPTGATIIMDGVARGCVVLKEDSLPRSRCYHGEEASPWLPSLVPGSEGASVNGLICFCEDAGCNGVVSVQPFAPHLLFMLMALYALL,Yes
59,XP_022099852.1,,,TGFBR2|H.sapiens,1.5699999999999995e-108,1.0799999999999999e-105,MDRLVCRSRCDEKVACQSSNSYCLIATYTAGSDVQEFASVTCFENQPLSESDVTPHYCGAPDTDYSTDDSYWFIYTCTCTHDYCNDAIYLPGAEVPKPTPHPPTTEQGTPSKEGPNPVTTPKDDNVSNDEDSDGGMKTLTIVLASSLPVVIVAVLGVSGFYIYRYCQKLKQDRKPHPPTSNTESTSLDLTTEDSDVKVIGQDTPPESPVHLRGNYLPISLSTVIGRGRFGAVWKADLKEGDGPADETVVAVKIFHEIDSASWSVEKEMFTDETVMLKHDNVVEFIAAEVRQGSYDSQRQFWLVTRYYSKGSLYQYLKHHTVGWQELCRLAGTTARGVAHLHAEVYGPHGLHKVPVAHRDLKSSNVLVKDDGTCAIADFGLSIQLDPTLSIDQLANSGQAGTPRYMAPEALESKVNLHDIESFKQMDVYSLSLIVWEIAKRCHIGDVVSAAPEHQLPFFDSVAGRANIEDMKTVVALQRERPTIPPSWSENTGMQLVSATMEDCWDSDPEARLTAHCVEARFTEIITWTEGEQNPGHNDINTITVV,No
60,XP_022087608.1,,,SP-10|H.sapiens,4.75e-12,1.4800000000000003e-09,MAEAAAAEQTAVAAEVPQTESPVAETPAVEDLAAETPATETPAAETPAAETPAAETPAAETPTAETPAAETPAAETPTAETPAAETPAAETPAAETPPAETPAAETPTAETPPAETPAAETPAAETPAAETPAAETPTAETPPAETPAAGTSVAECDTAAEAAPGNLNGRWRLVRSEQFDEFMKASGVGFVMRKLINSLGLTIEIEQDGDEFTFTSKTSLRQRVTTFKLGAEYPETNPMWGDKEFRVLAEWQGAKLVQRVVRGPGDDIPRSFEREIVNGELVITFRRGEAVARRYFKKI,No
61,XP_022099198.1,,,PF00087|P.ariabilis,7.1400000000000006e-09,4.63e-06,MLCSVFGLDRIRPNHCLMRRINCRNERVPISNYNGLQNVTGSCPAAWKRSPVQFEPSIVHASTDNFRTARFSKPRISMKSILFFVVLFAAGVGAVSAIQCHQCFYSNLFPESDSFCDIAFDGKAADAAASVVQCNGLCVKNYGEVGGLSGVQRRCENIAMSECINGCETYEGATGCMFCCDTDLCNGASSMTFNLMVSAVAMLVLAWIWPL,No
62,XP_022094218.1,,,PSCA|G.gallus,6.11e-08,5.8200000000000005e-05,MRIPAIAFLLLTLAIGHAVSLKCFQCYWLSDQGRGEFGPRACRDPFNSNSTRVREETCRQNNQCRKEYATTPGSDVIEEVSRGCTPFCEEKCQDGTVLEKPVRICSHCCSDNFCNRAGAVTFGPVTMIASAITAAVASVF,No
63,XP_022096357.1,,,Tfp1|X.laevis,9.41e-06,0.00040300000000000004,MKVLLLSMLTLSFCVAGACALRCYECIGSVSTSINDWCNDPFDSTDPAAQASIQTCSGECVVFYSKIGDLEGFVRECSNVTVPDCLNACHSALGITSCQYCCSEDLCNSTSIIMFDLLAAIAKALSAWYRSV,Yes
64,XP_022094855.1,,,SLURP1|H.sapiens,3.0799999999999996e-05,0.002,MESRPRNLVHRGAVVTSLLLMTVFVGTDSQDVCQSGTGPGGSGTRCNCQQVEPDAAFNIDCTGRSLTDIPTIPVNTAVLDLTNNNIQLIREQHFRRLDTLQKLILTGNPLECGCNLTDFKSWIINLESVSAQIVEGAVCGDDRYSGRAVVDATFCFKNRLCHTCLNAVDSSECTTRTCFPEDACQNEVAYAVDGSVSMNKSCVVMMNCQRAASSVNQAQCRQTDGGASRCIYCCQSDGCNQELNTINDTYVFPFRKPLVITTAAPSTTDRGLQSTDNSLVSETQPTDSGRDTPPPYQVTSETPLGTAASSPSTSQPTTESKSSSPSSEVPPSHMCPEEVTEGDTGVVTWPALIANRTAVVPCPYPSLTDPETDRYARRTCFGYASIGWVIWEEPDMSECPTASGALEELIRINITYDNVLDVSDQLKNVTSYAPALTADDVAVVVDALKSLLEALIRYPEKGQEIFLDAMVTANQMTSVKFEKLVESQKINRTTSRLLQLIDEIALHVPLLNTSTLTSESRAFDVIILDVADQSIDSLLFGGLLENNNVKPFVVLNGSAPENATDLIGSVLLPPSLLHILGDQLSRTQFLLYQDTTYFNVVTTSVEHPFGDLKPAPEGAVTLLSSAVISAGMGNLSVVDLREPILMQLKRTHTEAKNPQCAYWDTAANDKQGGWSTKGCEVNFDLSDSTSVVCECNHLTNFAMLMDVYNSGEPDPVHSKILAIISYIGCSLSILALTLAIATLGCCGEEPKYRVTGSGSLNMGTNGKARADRHTNILIHLSVGLILSDVSFLLNTVAVELELGRHMCVGMAVVTHYSLLAAMAWMALEAFNMYLALVLVFDKYYSRFMLKMCLFGWGAPVIIVATTLSINFPDHYGLFNGICWLARIPFLASFLAPVCTVLLFNLVVFVAVTWQLCKMRRRNISQSRRRFDLAAQFKASASITFLFGLTWSFALFGIGEANLAFSYLFAIFNSAQGFNIFVLQCLLKPTIRQRWMRVLRWQREDINGSSKSSSAKDTNNVELFKVKGDGGGHTNGRL,Yes
